Experiment,Model,Reward,Efficiency (%),Regime,Capacity,Runs
1,GNEURALUCB,2452.32,88.8,T,S1,3-run 
2,GNEURALUCB,3267.91,78.8,T,S1,3-run 
3,GNEURALUCB,5104.56,92.4,T,S1,3-run 
1,GNEURALUCB,2420.22,87.8,T,S1,3-run 
2,GNEURALUCB,3350.02,81.0,T,S1,3-run 
3,GNEURALUCB,5019.36,91.0,T,S1,3-run 
1,GNEURALUCB,2495.59,90.4,T,S1,3-run 
2,GNEURALUCB,3333.13,80.4,T,S1,3-run 
3,GNEURALUCB,5107.24,92.6,T,S1,3-run 
1,GNEURALUCB,2551.41,92.2,T,S1,3-run 
2,GNEURALUCB,3399.34,82.2,T,S1,3-run 
3,GNEURALUCB,5298.99,95.6,T,S1,3-run 
1,GNEURALUCB,2663.14,95.6,T,S1,3-run 
2,GNEURALUCB,3649.3,87.3,T,S1,3-run 
3,GNEURALUCB,5405.85,97.0,T,S1,3-run 
1,GNEURALUCB,2492.59,90.2,T,S1,5-run 
2,GNEURALUCB,3272.37,79.0,T,S1,5-run 
3,GNEURALUCB,4370.59,79.1,T,S1,5-run 
4,GNEURALUCB,5516.45,79.9,T,S1,5-run 
5,GNEURALUCB,7719.08,93.2,T,S1,5-run 
1,GNEURALUCB,2450.78,88.9,T,S1,5-run 
2,GNEURALUCB,3384.57,81.9,T,S1,5-run 
3,GNEURALUCB,4552.07,82.6,T,S1,5-run 
4,GNEURALUCB,6201.45,90.0,T,S1,5-run 
5,GNEURALUCB,7458.76,90.2,T,S1,5-run 
1,GNEURALUCB,2498.98,90.5,T,S1,5-run 
2,GNEURALUCB,3669.98,88.3,T,S1,5-run 
3,GNEURALUCB,4390.28,79.5,T,S1,5-run 
4,GNEURALUCB,6399.48,92.6,T,S1,5-run 
5,GNEURALUCB,7653.61,92.3,T,S1,5-run 
1,GNEURALUCB,2418.63,88.2,T,S1,5-run 
2,GNEURALUCB,3501.46,85.8,T,S1,5-run 
3,GNEURALUCB,3829.58,68.8,T,S1,5-run 
4,GNEURALUCB,6529.69,94.6,T,S1,5-run 
5,GNEURALUCB,8112.86,97.1,T,S1,5-run 
1,GNEURALUCB,2635.95,94.6,T,S1,5-run 
2,GNEURALUCB,4033.48,96.5,T,S1,5-run 
3,GNEURALUCB,4669.56,83.8,T,S1,5-run 
4,GNEURALUCB,6709.78,96.3,T,S1,5-run 
5,GNEURALUCB,6933.09,82.9,T,S1,5-run 
1,GNEURALUCB,2506.44,90.7,T,S1.5,5-run 
2,GNEURALUCB,3828.13,92.4,T,S1.5,5-run 
3,GNEURALUCB,5080.35,92.0,T,S1.5,5-run 
4,GNEURALUCB,6425.14,93.0,T,S1.5,5-run 
5,GNEURALUCB,7726.33,93.2,T,S1.5,5-run 
1,GNEURALUCB,2291.32,83.1,T,S1.5,5-run 
2,GNEURALUCB,3752.98,90.8,T,S1.5,5-run 
3,GNEURALUCB,5007.12,90.8,T,S1.5,5-run 
4,GNEURALUCB,6241.14,90.6,T,S1.5,5-run 
5,GNEURALUCB,7481.44,90.5,T,S1.5,5-run 
1,GNEURALUCB,2538.67,91.9,T,S1.5,5-run 
2,GNEURALUCB,3813.29,92.1,T,S1.5,5-run 
3,GNEURALUCB,5029.47,91.1,T,S1.5,5-run 
4,GNEURALUCB,6415.42,92.8,T,S1.5,5-run 
5,GNEURALUCB,7740.64,93.3,T,S1.5,5-run 
1,GNEURALUCB,2373.58,86.5,T,S1.5,5-run 
2,GNEURALUCB,3755.81,90.9,T,S1.5,5-run 
3,GNEURALUCB,5198.95,93.9,T,S1.5,5-run 
4,GNEURALUCB,6183.7,90.3,T,S1.5,5-run 
5,GNEURALUCB,7145.38,87.5,T,S1.5,5-run 
1,GNEURALUCB,2687.95,96.4,T,S1.5,5-run 
2,GNEURALUCB,4067.29,97.3,T,S1.5,5-run 
3,GNEURALUCB,5404.92,97.0,T,S1.5,5-run 
4,GNEURALUCB,6811.28,97.8,T,S1.5,5-run 
5,GNEURALUCB,8162.18,97.6,T,S1.5,5-run 
1,GNEURALUCB,2496.36,90.4,T,S2,5-run 
2,GNEURALUCB,3833.28,92.5,T,S2,5-run 
3,GNEURALUCB,5109.92,92.5,T,S2,5-run 
4,GNEURALUCB,6283.22,91.0,T,S2,5-run 
5,GNEURALUCB,7639.62,92.2,T,S2,5-run 
1,GNEURALUCB,2475.84,89.8,T,S2,5-run 
2,GNEURALUCB,3715.7,89.9,T,S2,5-run 
3,GNEURALUCB,4451.68,80.8,T,S2,5-run 
4,GNEURALUCB,6143.43,89.2,T,S2,5-run 
5,GNEURALUCB,7447.61,90.1,T,S2,5-run 
1,GNEURALUCB,2515.6,91.2,T,S2,5-run 
2,GNEURALUCB,3796.92,91.7,T,S2,5-run 
3,GNEURALUCB,5061.9,91.6,T,S2,5-run 
4,GNEURALUCB,6318.42,91.6,T,S2,5-run 
5,GNEURALUCB,7663.59,92.4,T,S2,5-run 
1,GNEURALUCB,2287.72,84.8,T,S2,5-run 
2,GNEURALUCB,4027.23,96.3,T,S2,5-run 
3,GNEURALUCB,5356.3,96.3,T,S2,5-run 
4,GNEURALUCB,6724.3,96.5,T,S2,5-run 
5,GNEURALUCB,7610.82,91.9,T,S2,5-run 
1,GNEURALUCB,2685.67,96.4,T,S2,5-run 
2,GNEURALUCB,4008.77,95.9,T,S2,5-run 
3,GNEURALUCB,5454.8,97.9,T,S2,5-run 
4,GNEURALUCB,6748.39,96.9,T,S2,5-run 
5,GNEURALUCB,8204.82,98.1,T,S2,5-run 
1,GNEURALUCB,2540.84,92.0,T,S2,3-run 
2,GNEURALUCB,3593.16,86.7,T,S2,3-run 
3,GNEURALUCB,5104.56,92.4,T,S2,3-run 
1,GNEURALUCB,2494.7,90.5,T,S2,3-run 
2,GNEURALUCB,3731.97,90.2,T,S2,3-run 
3,GNEURALUCB,5019.36,91.0,T,S2,3-run 
1,GNEURALUCB,2514.09,91.1,T,S2,3-run 
2,GNEURALUCB,3782.62,91.5,T,S2,3-run 
3,GNEURALUCB,5107.24,92.6,T,S2,3-run 
1,GNEURALUCB,2665.48,96.0,T,S2,3-run 
2,GNEURALUCB,4074.49,97.5,T,S2,3-run 
3,GNEURALUCB,5298.99,95.6,T,S2,3-run 
1,GNEURALUCB,2685.34,96.4,T,S2,3-run 
2,GNEURALUCB,4063.59,97.2,T,S2,3-run 
3,GNEURALUCB,5405.85,97.0,T,S2,3-run 
1,GNEURALUCB,2506.44,90.7,T,S1.5,3-run 
2,GNEURALUCB,3828.13,92.4,T,S1.5,3-run 
3,GNEURALUCB,5080.35,92.0,T,S1.5,3-run 
1,GNEURALUCB,2291.32,83.1,T,S1.5,3-run 
2,GNEURALUCB,3752.98,90.8,T,S1.5,3-run 
3,GNEURALUCB,5007.12,90.8,T,S1.5,3-run 
1,GNEURALUCB,2538.67,91.9,T,S1.5,3-run 
2,GNEURALUCB,3813.29,92.1,T,S1.5,3-run 
3,GNEURALUCB,5029.47,91.1,T,S1.5,3-run 
1,GNEURALUCB,2373.58,86.5,T,S1.5,3-run 
2,GNEURALUCB,3755.81,90.9,T,S1.5,3-run 
3,GNEURALUCB,5198.95,93.9,T,S1.5,3-run 
1,GNEURALUCB,2687.95,96.4,T,S1.5,3-run 
2,GNEURALUCB,4067.29,97.3,T,S1.5,3-run 
3,GNEURALUCB,5404.92,97.0,T,S1.5,3-run 
1,GNEURALUCB,2455.74,88.9,Tb,S1,3-run 
2,GNEURALUCB,3810.15,92.0,Tb,S1,3-run 
3,GNEURALUCB,3528.78,63.9,Tb,S1,3-run 
1,GNEURALUCB,2392.19,86.9,Tb,S1,3-run 
2,GNEURALUCB,3688.42,89.2,Tb,S1,3-run 
3,GNEURALUCB,4442.62,80.6,Tb,S1,3-run 
1,GNEURALUCB,2529.23,91.4,Tb,S1,3-run 
2,GNEURALUCB,3748.18,90.6,Tb,S1,3-run 
3,GNEURALUCB,4430.65,80.3,Tb,S1,3-run 
1,GNEURALUCB,2628.54,94.6,Tb,S1,3-run 
2,GNEURALUCB,3756.29,90.8,Tb,S1,3-run 
3,GNEURALUCB,4304.24,77.9,Tb,S1,3-run 
1,GNEURALUCB,2631.38,94.4,Tb,S1,3-run 
2,GNEURALUCB,4044.76,96.8,Tb,S1,3-run 
3,GNEURALUCB,4675.43,83.9,Tb,S1,3-run 
1,GNEURALUCB,2455.74,88.9,Tb,S1,5-run 
2,GNEURALUCB,3810.15,92.0,Tb,S1,5-run 
3,GNEURALUCB,3528.78,63.9,Tb,S1,5-run 
4,GNEURALUCB,6366.36,92.3,Tb,S1,5-run 
5,GNEURALUCB,7712.19,93.1,Tb,S1,5-run 
1,GNEURALUCB,2392.19,86.9,Tb,S1,5-run 
2,GNEURALUCB,3688.42,89.2,Tb,S1,5-run 
3,GNEURALUCB,4442.62,80.6,Tb,S1,5-run 
4,GNEURALUCB,6306.67,91.5,Tb,S1,5-run 
5,GNEURALUCB,7544.09,91.2,Tb,S1,5-run 
1,GNEURALUCB,2529.23,91.4,Tb,S1,5-run 
2,GNEURALUCB,3748.18,90.6,Tb,S1,5-run 
3,GNEURALUCB,4430.65,80.3,Tb,S1,5-run 
4,GNEURALUCB,6398.59,92.7,Tb,S1,5-run 
5,GNEURALUCB,7732.23,93.2,Tb,S1,5-run 
1,GNEURALUCB,2628.54,94.6,Tb,S1,5-run 
2,GNEURALUCB,3756.29,90.8,Tb,S1,5-run 
3,GNEURALUCB,4304.24,77.9,Tb,S1,5-run 
4,GNEURALUCB,6806.77,97.8,Tb,S1,5-run 
5,GNEURALUCB,7065.6,86.8,Tb,S1,5-run 
1,GNEURALUCB,2631.38,94.4,Tb,S1,5-run 
2,GNEURALUCB,4044.76,96.8,Tb,S1,5-run 
3,GNEURALUCB,4675.43,83.9,Tb,S1,5-run 
4,GNEURALUCB,6822.6,97.9,Tb,S1,5-run 
5,GNEURALUCB,8200.47,98.1,Tb,S1,5-run 
1,GNEURALUCB,2502.78,90.6,Tb,S1.5,3-run 
2,GNEURALUCB,3810.08,91.9,Tb,S1.5,3-run 
3,GNEURALUCB,5053.74,91.5,Tb,S1.5,3-run 
1,GNEURALUCB,2291.32,83.1,Tb,S1.5,3-run 
2,GNEURALUCB,3752.98,90.8,Tb,S1.5,3-run 
3,GNEURALUCB,5007.12,90.8,Tb,S1.5,3-run 
1,GNEURALUCB,2538.67,91.9,Tb,S1.5,3-run 
2,GNEURALUCB,3813.29,92.1,Tb,S1.5,3-run 
3,GNEURALUCB,5029.47,91.1,Tb,S1.5,3-run 
1,GNEURALUCB,2373.58,86.5,Tb,S1.5,3-run 
2,GNEURALUCB,3755.81,90.9,Tb,S1.5,3-run 
3,GNEURALUCB,5198.95,93.9,Tb,S1.5,3-run 
1,GNEURALUCB,2687.95,96.4,Tb,S1.5,3-run 
2,GNEURALUCB,4067.29,97.3,Tb,S1.5,3-run 
3,GNEURALUCB,5404.92,97.0,Tb,S1.5,3-run 
1,GNEURALUCB,2173.86,78.7,Tb,S1.5,5-run 
2,GNEURALUCB,3801.67,91.7,Tb,S1.5,5-run 
3,GNEURALUCB,4331.32,78.4,Tb,S1.5,5-run 
4,GNEURALUCB,5533.93,80.2,Tb,S1.5,5-run 
5,GNEURALUCB,7568.98,91.3,Tb,S1.5,5-run 
1,GNEURALUCB,2461.35,89.3,Tb,S1.5,5-run 
2,GNEURALUCB,3729.3,90.2,Tb,S1.5,5-run 
3,GNEURALUCB,4737.79,85.9,Tb,S1.5,5-run 
4,GNEURALUCB,6202.78,90.1,Tb,S1.5,5-run 
5,GNEURALUCB,7506.41,90.8,Tb,S1.5,5-run 
1,GNEURALUCB,2512.34,91.0,Tb,S1.5,5-run 
2,GNEURALUCB,3893.79,93.8,Tb,S1.5,5-run 
3,GNEURALUCB,4458.11,80.7,Tb,S1.5,5-run 
4,GNEURALUCB,6386.94,92.5,Tb,S1.5,5-run 
5,GNEURALUCB,7723.86,93.2,Tb,S1.5,5-run 
1,GNEURALUCB,2647.31,95.3,Tb,S1.5,5-run 
2,GNEURALUCB,3602.74,87.8,Tb,S1.5,5-run 
3,GNEURALUCB,5408.25,97.0,Tb,S1.5,5-run 
4,GNEURALUCB,6211.59,90.7,Tb,S1.5,5-run 
5,GNEURALUCB,8166.36,97.9,Tb,S1.5,5-run 
1,GNEURALUCB,2709.54,97.2,Tb,S1.5,5-run 
2,GNEURALUCB,4020.19,96.2,Tb,S1.5,5-run 
3,GNEURALUCB,5384.49,96.6,Tb,S1.5,5-run 
4,GNEURALUCB,6840.07,98.2,Tb,S1.5,5-run 
5,GNEURALUCB,8240.4,98.6,Tb,S1.5,5-run 
1,GNEURALUCB,2494.06,90.3,Tb,S2,3-run 
2,GNEURALUCB,3771.13,91.1,Tb,S2,3-run 
3,GNEURALUCB,5044.41,91.3,Tb,S2,3-run 
1,GNEURALUCB,2475.84,89.8,Tb,S2,3-run 
2,GNEURALUCB,3731.97,90.2,Tb,S2,3-run 
3,GNEURALUCB,5019.36,91.0,Tb,S2,3-run 
1,GNEURALUCB,2515.6,91.2,Tb,S2,3-run 
2,GNEURALUCB,3891.77,93.7,Tb,S2,3-run 
3,GNEURALUCB,5107.24,92.6,Tb,S2,3-run 
1,GNEURALUCB,2287.72,84.8,Tb,S2,3-run 
2,GNEURALUCB,4074.49,97.5,Tb,S2,3-run 
3,GNEURALUCB,5298.99,95.6,Tb,S2,3-run 
1,GNEURALUCB,2685.34,96.4,Tb,S2,3-run 
2,GNEURALUCB,4063.59,97.2,Tb,S2,3-run 
3,GNEURALUCB,5405.85,97.0,Tb,S2,3-run 
1,GNEURALUCB,2497.06,90.4,Tb,S2,5-run 
2,GNEURALUCB,3760.84,90.8,Tb,S2,5-run 
3,GNEURALUCB,4252.14,77.0,Tb,S2,5-run 
4,GNEURALUCB,6429.51,93.1,Tb,S2,5-run 
5,GNEURALUCB,7662.25,92.5,Tb,S2,5-run 
1,GNEURALUCB,2475.84,89.8,Tb,S2,5-run 
2,GNEURALUCB,3731.97,90.2,Tb,S2,5-run 
3,GNEURALUCB,5019.36,91.0,Tb,S2,5-run 
4,GNEURALUCB,6268.13,90.9,Tb,S2,5-run 
5,GNEURALUCB,7572.3,91.5,Tb,S2,5-run 
1,GNEURALUCB,2515.6,91.2,Tb,S2,5-run 
2,GNEURALUCB,3891.77,93.7,Tb,S2,5-run 
3,GNEURALUCB,5107.24,92.6,Tb,S2,5-run 
4,GNEURALUCB,6329.27,91.8,Tb,S2,5-run 
5,GNEURALUCB,7631.18,92.2,Tb,S2,5-run 
1,GNEURALUCB,2287.72,84.8,Tb,S2,5-run 
2,GNEURALUCB,4074.49,97.5,Tb,S2,5-run 
3,GNEURALUCB,5298.99,95.6,Tb,S2,5-run 
4,GNEURALUCB,6823.78,97.9,Tb,S2,5-run 
5,GNEURALUCB,8134.81,97.5,Tb,S2,5-run 
1,GNEURALUCB,2685.34,96.4,Tb,S2,5-run 
2,GNEURALUCB,4063.59,97.2,Tb,S2,5-run 
3,GNEURALUCB,5405.85,97.0,Tb,S2,5-run 
4,GNEURALUCB,6849.34,98.3,Tb,S2,5-run 
5,GNEURALUCB,8197.16,98.0,Tb,S2,5-run 
1,EXPNEURALUCB,2481.24,89.9,T,S1,3-run 
2,EXPNEURALUCB,3175.2,76.6,T,S1,3-run 
3,EXPNEURALUCB,5148.42,93.2,T,S1,3-run 
1,EXPNEURALUCB,2022.55,73.4,T,S1,3-run 
2,EXPNEURALUCB,3013.16,72.8,T,S1,3-run 
3,EXPNEURALUCB,4930.2,89.4,T,S1,3-run 
1,EXPNEURALUCB,1956.05,70.9,T,S1,3-run 
2,EXPNEURALUCB,3220.44,77.7,T,S1,3-run 
3,EXPNEURALUCB,4866.47,88.2,T,S1,3-run 
1,EXPNEURALUCB,2252.8,81.4,T,S1,3-run 
2,EXPNEURALUCB,3408.59,82.5,T,S1,3-run 
3,EXPNEURALUCB,4961.61,89.5,T,S1,3-run 
1,EXPNEURALUCB,2643.35,94.8,T,S1,3-run 
2,EXPNEURALUCB,3456.24,82.7,T,S1,3-run 
3,EXPNEURALUCB,5321.97,95.5,T,S1,3-run 
1,EXPNEURALUCB,2490.94,90.2,T,S1,5-run 
2,EXPNEURALUCB,3322.8,80.2,T,S1,5-run 
3,EXPNEURALUCB,4445.28,80.5,T,S1,5-run 
4,EXPNEURALUCB,5546.22,80.3,T,S1,5-run 
5,EXPNEURALUCB,7688.61,92.8,T,S1,5-run 
1,EXPNEURALUCB,2481.67,90.0,T,S1,5-run 
2,EXPNEURALUCB,3404.53,82.4,T,S1,5-run 
3,EXPNEURALUCB,4566.1,82.9,T,S1,5-run 
4,EXPNEURALUCB,6190.99,89.9,T,S1,5-run 
5,EXPNEURALUCB,7501.37,90.7,T,S1,5-run 
1,EXPNEURALUCB,2449.7,88.7,T,S1,5-run 
2,EXPNEURALUCB,3299.32,79.4,T,S1,5-run 
3,EXPNEURALUCB,4423.58,80.1,T,S1,5-run 
4,EXPNEURALUCB,6251.82,90.5,T,S1,5-run 
5,EXPNEURALUCB,7628.19,92.0,T,S1,5-run 
1,EXPNEURALUCB,2448.81,89.3,T,S1,5-run 
2,EXPNEURALUCB,3203.4,78.5,T,S1,5-run 
3,EXPNEURALUCB,3851.18,69.1,T,S1,5-run 
4,EXPNEURALUCB,5000.23,72.4,T,S1,5-run 
5,EXPNEURALUCB,7643.54,91.5,T,S1,5-run 
1,EXPNEURALUCB,2648.19,95.0,T,S1,5-run 
2,EXPNEURALUCB,4021.14,96.2,T,S1,5-run 
3,EXPNEURALUCB,4684.9,84.0,T,S1,5-run 
4,EXPNEURALUCB,5732.03,82.3,T,S1,5-run 
5,EXPNEURALUCB,8236.09,98.5,T,S1,5-run 
1,EXPNEURALUCB,2510.53,90.9,T,S1.5,5-run 
2,EXPNEURALUCB,3862.46,93.2,T,S1.5,5-run 
3,EXPNEURALUCB,5120.26,92.7,T,S1.5,5-run 
4,EXPNEURALUCB,6469.12,93.7,T,S1.5,5-run 
5,EXPNEURALUCB,7559.87,91.2,T,S1.5,5-run 
1,EXPNEURALUCB,2494.13,90.5,T,S1.5,5-run 
2,EXPNEURALUCB,3786.6,91.6,T,S1.5,5-run 
3,EXPNEURALUCB,4659.56,84.5,T,S1.5,5-run 
4,EXPNEURALUCB,6062.0,88.0,T,S1.5,5-run 
5,EXPNEURALUCB,6708.11,81.2,T,S1.5,5-run 
1,EXPNEURALUCB,2540.21,92.0,T,S1.5,5-run 
2,EXPNEURALUCB,3651.29,88.2,T,S1.5,5-run 
3,EXPNEURALUCB,4765.26,86.3,T,S1.5,5-run 
4,EXPNEURALUCB,6182.46,89.4,T,S1.5,5-run 
5,EXPNEURALUCB,7797.52,94.0,T,S1.5,5-run 
1,EXPNEURALUCB,2420.73,88.2,T,S1.5,5-run 
2,EXPNEURALUCB,3778.86,91.4,T,S1.5,5-run 
3,EXPNEURALUCB,4379.0,79.1,T,S1.5,5-run 
4,EXPNEURALUCB,6075.58,88.7,T,S1.5,5-run 
5,EXPNEURALUCB,6612.08,81.0,T,S1.5,5-run 
1,EXPNEURALUCB,2334.41,83.8,T,S1.5,5-run 
2,EXPNEURALUCB,3396.28,81.2,T,S1.5,5-run 
3,EXPNEURALUCB,5395.65,96.8,T,S1.5,5-run 
4,EXPNEURALUCB,6793.22,97.5,T,S1.5,5-run 
5,EXPNEURALUCB,7354.57,88.0,T,S1.5,5-run 
1,EXPNEURALUCB,2174.17,78.7,T,S2,5-run 
2,EXPNEURALUCB,3716.44,89.7,T,S2,5-run 
3,EXPNEURALUCB,4335.25,78.5,T,S2,5-run 
4,EXPNEURALUCB,6269.8,90.8,T,S2,5-run 
5,EXPNEURALUCB,7118.88,85.9,T,S2,5-run 
1,EXPNEURALUCB,2519.8,91.4,T,S2,5-run 
2,EXPNEURALUCB,3719.42,90.0,T,S2,5-run 
3,EXPNEURALUCB,4777.96,86.7,T,S2,5-run 
4,EXPNEURALUCB,5841.28,84.8,T,S2,5-run 
5,EXPNEURALUCB,7061.2,85.4,T,S2,5-run 
1,EXPNEURALUCB,2536.12,91.9,T,S2,5-run 
2,EXPNEURALUCB,3727.59,90.0,T,S2,5-run 
3,EXPNEURALUCB,4958.65,89.7,T,S2,5-run 
4,EXPNEURALUCB,5909.52,85.7,T,S2,5-run 
5,EXPNEURALUCB,7042.95,85.0,T,S2,5-run 
1,EXPNEURALUCB,2212.01,82.0,T,S2,5-run 
2,EXPNEURALUCB,4023.65,96.2,T,S2,5-run 
3,EXPNEURALUCB,5376.74,96.7,T,S2,5-run 
4,EXPNEURALUCB,6910.58,99.2,T,S2,5-run 
5,EXPNEURALUCB,7716.47,93.2,T,S2,5-run 
1,EXPNEURALUCB,2579.97,92.6,T,S2,5-run 
2,EXPNEURALUCB,3967.91,94.9,T,S2,5-run 
3,EXPNEURALUCB,5339.3,95.8,T,S2,5-run 
4,EXPNEURALUCB,5350.98,76.8,T,S2,5-run 
5,EXPNEURALUCB,8257.64,98.8,T,S2,5-run 
1,EXPNEURALUCB,2561.48,92.7,T,S2,3-run 
2,EXPNEURALUCB,3610.94,87.1,T,S2,3-run 
3,EXPNEURALUCB,5148.42,93.2,T,S2,3-run 
1,EXPNEURALUCB,2519.25,91.4,T,S2,3-run 
2,EXPNEURALUCB,3800.08,91.9,T,S2,3-run 
3,EXPNEURALUCB,4930.2,89.4,T,S2,3-run 
1,EXPNEURALUCB,2537.48,92.0,T,S2,3-run 
2,EXPNEURALUCB,3661.33,88.5,T,S2,3-run 
3,EXPNEURALUCB,4866.47,88.2,T,S2,3-run 
1,EXPNEURALUCB,2302.1,82.9,T,S2,3-run 
2,EXPNEURALUCB,3889.46,93.0,T,S2,3-run 
3,EXPNEURALUCB,4961.61,89.5,T,S2,3-run 
1,EXPNEURALUCB,2570.4,92.2,T,S2,3-run 
2,EXPNEURALUCB,3999.14,95.7,T,S2,3-run 
3,EXPNEURALUCB,5321.97,95.5,T,S2,3-run 
1,EXPNEURALUCB,2510.53,90.9,T,S1.5,3-run 
2,EXPNEURALUCB,3862.46,93.2,T,S1.5,3-run 
3,EXPNEURALUCB,5120.26,92.7,T,S1.5,3-run 
1,EXPNEURALUCB,2494.13,90.5,T,S1.5,3-run 
2,EXPNEURALUCB,3786.6,91.6,T,S1.5,3-run 
3,EXPNEURALUCB,4659.56,84.5,T,S1.5,3-run 
1,EXPNEURALUCB,2540.21,92.0,T,S1.5,3-run 
2,EXPNEURALUCB,3651.29,88.2,T,S1.5,3-run 
3,EXPNEURALUCB,4765.26,86.3,T,S1.5,3-run 
1,EXPNEURALUCB,2420.73,88.2,T,S1.5,3-run 
2,EXPNEURALUCB,3778.86,91.4,T,S1.5,3-run 
3,EXPNEURALUCB,4379.0,79.1,T,S1.5,3-run 
1,EXPNEURALUCB,2334.41,83.8,T,S1.5,3-run 
2,EXPNEURALUCB,3396.28,81.2,T,S1.5,3-run 
3,EXPNEURALUCB,5395.65,96.8,T,S1.5,3-run 
1,EXPNEURALUCB,2328.8,84.3,Tb,S1,3-run 
2,EXPNEURALUCB,3859.06,93.2,Tb,S1,3-run 
3,EXPNEURALUCB,4392.78,79.6,Tb,S1,3-run 
1,EXPNEURALUCB,2313.77,84.0,Tb,S1,3-run 
2,EXPNEURALUCB,2741.2,66.3,Tb,S1,3-run 
3,EXPNEURALUCB,4541.24,82.4,Tb,S1,3-run 
1,EXPNEURALUCB,2272.45,82.1,Tb,S1,3-run 
2,EXPNEURALUCB,3748.37,90.6,Tb,S1,3-run 
3,EXPNEURALUCB,4448.73,80.6,Tb,S1,3-run 
1,EXPNEURALUCB,2636.41,94.9,Tb,S1,3-run 
2,EXPNEURALUCB,3817.66,92.2,Tb,S1,3-run 
3,EXPNEURALUCB,3060.98,55.4,Tb,S1,3-run 
1,EXPNEURALUCB,2425.78,87.0,Tb,S1,3-run 
2,EXPNEURALUCB,3929.26,94.0,Tb,S1,3-run 
3,EXPNEURALUCB,4148.86,74.4,Tb,S1,3-run 
1,EXPNEURALUCB,2328.8,84.3,Tb,S1,5-run 
2,EXPNEURALUCB,3859.06,93.2,Tb,S1,5-run 
3,EXPNEURALUCB,4392.78,79.6,Tb,S1,5-run 
4,EXPNEURALUCB,6407.52,92.9,Tb,S1,5-run 
5,EXPNEURALUCB,7734.65,93.3,Tb,S1,5-run 
1,EXPNEURALUCB,2313.77,84.0,Tb,S1,5-run 
2,EXPNEURALUCB,2741.2,66.3,Tb,S1,5-run 
3,EXPNEURALUCB,4541.24,82.4,Tb,S1,5-run 
4,EXPNEURALUCB,6306.84,91.5,Tb,S1,5-run 
5,EXPNEURALUCB,6821.58,82.5,Tb,S1,5-run 
1,EXPNEURALUCB,2272.45,82.1,Tb,S1,5-run 
2,EXPNEURALUCB,3748.37,90.6,Tb,S1,5-run 
3,EXPNEURALUCB,4448.73,80.6,Tb,S1,5-run 
4,EXPNEURALUCB,6371.81,92.3,Tb,S1,5-run 
5,EXPNEURALUCB,7212.95,87.0,Tb,S1,5-run 
1,EXPNEURALUCB,2636.41,94.9,Tb,S1,5-run 
2,EXPNEURALUCB,3817.66,92.2,Tb,S1,5-run 
3,EXPNEURALUCB,3060.98,55.4,Tb,S1,5-run 
4,EXPNEURALUCB,6154.29,88.5,Tb,S1,5-run 
5,EXPNEURALUCB,6883.11,84.5,Tb,S1,5-run 
1,EXPNEURALUCB,2425.78,87.0,Tb,S1,5-run 
2,EXPNEURALUCB,3929.26,94.0,Tb,S1,5-run 
3,EXPNEURALUCB,4148.86,74.4,Tb,S1,5-run 
4,EXPNEURALUCB,6253.07,89.7,Tb,S1,5-run 
5,EXPNEURALUCB,8193.25,98.0,Tb,S1,5-run 
1,EXPNEURALUCB,2573.18,93.2,Tb,S1.5,3-run 
2,EXPNEURALUCB,3831.74,92.5,Tb,S1.5,3-run 
3,EXPNEURALUCB,5054.06,91.5,Tb,S1.5,3-run 
1,EXPNEURALUCB,2494.13,90.5,Tb,S1.5,3-run 
2,EXPNEURALUCB,3786.6,91.6,Tb,S1.5,3-run 
3,EXPNEURALUCB,4659.56,84.5,Tb,S1.5,3-run 
1,EXPNEURALUCB,2540.21,92.0,Tb,S1.5,3-run 
2,EXPNEURALUCB,3651.29,88.2,Tb,S1.5,3-run 
3,EXPNEURALUCB,4765.26,86.3,Tb,S1.5,3-run 
1,EXPNEURALUCB,2420.73,88.2,Tb,S1.5,3-run 
2,EXPNEURALUCB,3778.86,91.4,Tb,S1.5,3-run 
3,EXPNEURALUCB,4379.0,79.1,Tb,S1.5,3-run 
1,EXPNEURALUCB,2334.41,83.8,Tb,S1.5,3-run 
2,EXPNEURALUCB,3396.28,81.2,Tb,S1.5,3-run 
3,EXPNEURALUCB,5395.65,96.8,Tb,S1.5,3-run 
1,EXPNEURALUCB,2220.82,80.4,Tb,S1.5,5-run 
2,EXPNEURALUCB,3850.63,92.9,Tb,S1.5,5-run 
3,EXPNEURALUCB,4438.12,80.3,Tb,S1.5,5-run 
4,EXPNEURALUCB,6264.19,90.7,Tb,S1.5,5-run 
5,EXPNEURALUCB,7623.33,92.0,Tb,S1.5,5-run 
1,EXPNEURALUCB,2511.44,91.1,Tb,S1.5,5-run 
2,EXPNEURALUCB,3669.62,88.8,Tb,S1.5,5-run 
3,EXPNEURALUCB,4557.05,82.7,Tb,S1.5,5-run 
4,EXPNEURALUCB,6310.84,91.6,Tb,S1.5,5-run 
5,EXPNEURALUCB,7613.74,92.1,Tb,S1.5,5-run 
1,EXPNEURALUCB,2494.1,90.4,Tb,S1.5,5-run 
2,EXPNEURALUCB,3829.33,92.2,Tb,S1.5,5-run 
3,EXPNEURALUCB,4473.83,81.0,Tb,S1.5,5-run 
4,EXPNEURALUCB,6042.16,87.5,Tb,S1.5,5-run 
5,EXPNEURALUCB,6987.53,84.3,Tb,S1.5,5-run 
1,EXPNEURALUCB,2608.19,93.9,Tb,S1.5,5-run 
2,EXPNEURALUCB,3426.05,83.5,Tb,S1.5,5-run 
3,EXPNEURALUCB,5422.2,97.3,Tb,S1.5,5-run 
4,EXPNEURALUCB,6166.52,90.0,Tb,S1.5,5-run 
5,EXPNEURALUCB,7994.57,95.9,Tb,S1.5,5-run 
1,EXPNEURALUCB,2686.55,96.4,Tb,S1.5,5-run 
2,EXPNEURALUCB,4072.79,97.4,Tb,S1.5,5-run 
3,EXPNEURALUCB,4989.15,89.5,Tb,S1.5,5-run 
4,EXPNEURALUCB,6871.15,98.6,Tb,S1.5,5-run 
5,EXPNEURALUCB,7957.66,95.2,Tb,S1.5,5-run 
1,EXPNEURALUCB,2059.87,74.6,Tb,S2,3-run 
2,EXPNEURALUCB,3545.82,85.7,Tb,S2,3-run 
3,EXPNEURALUCB,5089.1,92.1,Tb,S2,3-run 
1,EXPNEURALUCB,2519.8,91.4,Tb,S2,3-run 
2,EXPNEURALUCB,3800.08,91.9,Tb,S2,3-run 
3,EXPNEURALUCB,4930.2,89.4,Tb,S2,3-run 
1,EXPNEURALUCB,2536.12,91.9,Tb,S2,3-run 
2,EXPNEURALUCB,3935.65,94.7,Tb,S2,3-run 
3,EXPNEURALUCB,4866.47,88.2,Tb,S2,3-run 
1,EXPNEURALUCB,2212.01,82.0,Tb,S2,3-run 
2,EXPNEURALUCB,3889.46,93.0,Tb,S2,3-run 
3,EXPNEURALUCB,4961.61,89.5,Tb,S2,3-run 
1,EXPNEURALUCB,2570.4,92.2,Tb,S2,3-run 
2,EXPNEURALUCB,3999.14,95.7,Tb,S2,3-run 
3,EXPNEURALUCB,5321.97,95.5,Tb,S2,3-run 
1,EXPNEURALUCB,2504.25,90.6,Tb,S2,5-run 
2,EXPNEURALUCB,3207.64,77.4,Tb,S2,5-run 
3,EXPNEURALUCB,4300.06,77.8,Tb,S2,5-run 
4,EXPNEURALUCB,6369.12,92.2,Tb,S2,5-run 
5,EXPNEURALUCB,7569.09,91.4,Tb,S2,5-run 
1,EXPNEURALUCB,2519.8,91.4,Tb,S2,5-run 
2,EXPNEURALUCB,3800.08,91.9,Tb,S2,5-run 
3,EXPNEURALUCB,4930.2,89.4,Tb,S2,5-run 
4,EXPNEURALUCB,6344.42,92.0,Tb,S2,5-run 
5,EXPNEURALUCB,7230.56,87.4,Tb,S2,5-run 
1,EXPNEURALUCB,2536.12,91.9,Tb,S2,5-run 
2,EXPNEURALUCB,3935.65,94.7,Tb,S2,5-run 
3,EXPNEURALUCB,4866.47,88.2,Tb,S2,5-run 
4,EXPNEURALUCB,6335.81,91.9,Tb,S2,5-run 
5,EXPNEURALUCB,7363.43,88.9,Tb,S2,5-run 
1,EXPNEURALUCB,2212.01,82.0,Tb,S2,5-run 
2,EXPNEURALUCB,3889.46,93.0,Tb,S2,5-run 
3,EXPNEURALUCB,4961.61,89.5,Tb,S2,5-run 
4,EXPNEURALUCB,6893.04,98.9,Tb,S2,5-run 
5,EXPNEURALUCB,8161.81,97.8,Tb,S2,5-run 
1,EXPNEURALUCB,2570.4,92.2,Tb,S2,5-run 
2,EXPNEURALUCB,3999.14,95.7,Tb,S2,5-run 
3,EXPNEURALUCB,5321.97,95.5,Tb,S2,5-run 
4,EXPNEURALUCB,6903.88,99.1,Tb,S2,5-run 
5,EXPNEURALUCB,8237.52,98.5,Tb,S2,5-run 
1,CPURSUITNEURALUCB,2594.32,94.0,T,S1,3-run 
2,CPURSUITNEURALUCB,3373.7,81.4,T,S1,3-run 
3,CPURSUITNEURALUCB,5195.14,94.1,T,S1,3-run 
1,CPURSUITNEURALUCB,2548.52,92.5,T,S1,3-run 
2,CPURSUITNEURALUCB,3451.55,83.4,T,S1,3-run 
3,CPURSUITNEURALUCB,5121.59,92.9,T,S1,3-run 
1,CPURSUITNEURALUCB,2584.79,93.6,T,S1,3-run 
2,CPURSUITNEURALUCB,3430.15,82.7,T,S1,3-run 
3,CPURSUITNEURALUCB,5148.31,93.3,T,S1,3-run 
1,CPURSUITNEURALUCB,2399.33,86.7,T,S1,3-run 
2,CPURSUITNEURALUCB,3495.11,84.6,T,S1,3-run 
3,CPURSUITNEURALUCB,5233.4,94.4,T,S1,3-run 
1,CPURSUITNEURALUCB,2781.4,99.8,T,S1,3-run 
2,CPURSUITNEURALUCB,4149.35,99.3,T,S1,3-run 
3,CPURSUITNEURALUCB,5571.93,100.0,T,S1,3-run 
1,CPURSUITNEURALUCB,2475.63,89.6,T,S1,5-run 
2,CPURSUITNEURALUCB,3296.2,79.6,T,S1,5-run 
3,CPURSUITNEURALUCB,4437.84,80.3,T,S1,5-run 
4,CPURSUITNEURALUCB,6272.3,90.9,T,S1,5-run 
5,CPURSUITNEURALUCB,7693.8,92.9,T,S1,5-run 
1,CPURSUITNEURALUCB,2443.32,88.6,T,S1,5-run 
2,CPURSUITNEURALUCB,3374.88,81.7,T,S1,5-run 
3,CPURSUITNEURALUCB,4522.66,82.1,T,S1,5-run 
4,CPURSUITNEURALUCB,6227.62,90.4,T,S1,5-run 
5,CPURSUITNEURALUCB,7455.27,90.2,T,S1,5-run 
1,CPURSUITNEURALUCB,2533.21,91.7,T,S1,5-run 
2,CPURSUITNEURALUCB,3868.29,93.1,T,S1,5-run 
3,CPURSUITNEURALUCB,4353.09,78.8,T,S1,5-run 
4,CPURSUITNEURALUCB,6432.97,93.1,T,S1,5-run 
5,CPURSUITNEURALUCB,7638.54,92.2,T,S1,5-run 
1,CPURSUITNEURALUCB,2436.47,88.8,T,S1,5-run 
2,CPURSUITNEURALUCB,3531.44,86.5,T,S1,5-run 
3,CPURSUITNEURALUCB,3846.06,69.0,T,S1,5-run 
4,CPURSUITNEURALUCB,6515.4,94.4,T,S1,5-run 
5,CPURSUITNEURALUCB,8139.76,97.4,T,S1,5-run 
1,CPURSUITNEURALUCB,2686.84,96.4,T,S1,5-run 
2,CPURSUITNEURALUCB,4074.52,97.5,T,S1,5-run 
3,CPURSUITNEURALUCB,4703.43,84.4,T,S1,5-run 
4,CPURSUITNEURALUCB,6833.72,98.1,T,S1,5-run 
5,CPURSUITNEURALUCB,8220.94,98.3,T,S1,5-run 
1,CPURSUITNEURALUCB,2530.84,91.6,T,S1.5,5-run 
2,CPURSUITNEURALUCB,3838.96,92.6,T,S1.5,5-run 
3,CPURSUITNEURALUCB,5132.6,93.0,T,S1.5,5-run 
4,CPURSUITNEURALUCB,6432.08,93.1,T,S1.5,5-run 
5,CPURSUITNEURALUCB,7748.29,93.4,T,S1.5,5-run 
1,CPURSUITNEURALUCB,2527.55,91.7,T,S1.5,5-run 
2,CPURSUITNEURALUCB,3824.45,92.5,T,S1.5,5-run 
3,CPURSUITNEURALUCB,5137.07,93.1,T,S1.5,5-run 
4,CPURSUITNEURALUCB,6266.75,90.9,T,S1.5,5-run 
5,CPURSUITNEURALUCB,7422.44,89.8,T,S1.5,5-run 
1,CPURSUITNEURALUCB,2593.68,93.9,T,S1.5,5-run 
2,CPURSUITNEURALUCB,3885.46,93.8,T,S1.5,5-run 
3,CPURSUITNEURALUCB,4570.94,82.8,T,S1.5,5-run 
4,CPURSUITNEURALUCB,6444.83,93.2,T,S1.5,5-run 
5,CPURSUITNEURALUCB,7733.69,93.3,T,S1.5,5-run 
1,CPURSUITNEURALUCB,2454.77,89.5,T,S1.5,5-run 
2,CPURSUITNEURALUCB,3825.35,92.5,T,S1.5,5-run 
3,CPURSUITNEURALUCB,5274.09,95.3,T,S1.5,5-run 
4,CPURSUITNEURALUCB,6176.04,90.1,T,S1.5,5-run 
5,CPURSUITNEURALUCB,7223.61,88.5,T,S1.5,5-run 
1,CPURSUITNEURALUCB,2785.12,99.9,T,S1.5,5-run 
2,CPURSUITNEURALUCB,4173.02,99.8,T,S1.5,5-run 
3,CPURSUITNEURALUCB,4820.13,86.5,T,S1.5,5-run 
4,CPURSUITNEURALUCB,6790.84,97.5,T,S1.5,5-run 
5,CPURSUITNEURALUCB,8152.67,97.5,T,S1.5,5-run 
1,CPURSUITNEURALUCB,1969.36,71.3,T,S2,5-run 
2,CPURSUITNEURALUCB,3814.32,92.1,T,S2,5-run 
3,CPURSUITNEURALUCB,1055.37,19.1,T,S2,5-run 
4,CPURSUITNEURALUCB,6336.4,91.8,T,S2,5-run 
5,CPURSUITNEURALUCB,7591.73,91.6,T,S2,5-run 
1,CPURSUITNEURALUCB,2439.38,88.5,T,S2,5-run 
2,CPURSUITNEURALUCB,3756.02,90.9,T,S2,5-run 
3,CPURSUITNEURALUCB,4977.63,90.3,T,S2,5-run 
4,CPURSUITNEURALUCB,6139.49,89.1,T,S2,5-run 
5,CPURSUITNEURALUCB,7435.72,89.9,T,S2,5-run 
1,CPURSUITNEURALUCB,2501.05,90.6,T,S2,5-run 
2,CPURSUITNEURALUCB,3801.92,91.8,T,S2,5-run 
3,CPURSUITNEURALUCB,5154.0,93.3,T,S2,5-run 
4,CPURSUITNEURALUCB,6304.16,91.4,T,S2,5-run 
5,CPURSUITNEURALUCB,7683.99,92.7,T,S2,5-run 
1,CPURSUITNEURALUCB,2279.51,84.5,T,S2,5-run 
2,CPURSUITNEURALUCB,3452.26,82.6,T,S2,5-run 
3,CPURSUITNEURALUCB,5369.1,96.5,T,S2,5-run 
4,CPURSUITNEURALUCB,6771.6,97.2,T,S2,5-run 
5,CPURSUITNEURALUCB,7614.52,91.9,T,S2,5-run 
1,CPURSUITNEURALUCB,2663.68,95.6,T,S2,5-run 
2,CPURSUITNEURALUCB,4049.61,96.9,T,S2,5-run 
3,CPURSUITNEURALUCB,5443.92,97.7,T,S2,5-run 
4,CPURSUITNEURALUCB,6784.51,97.4,T,S2,5-run 
5,CPURSUITNEURALUCB,8192.15,98.0,T,S2,5-run 
1,CPURSUITNEURALUCB,2595.74,93.9,T,S2,3-run 
2,CPURSUITNEURALUCB,3927.62,94.7,T,S2,3-run 
3,CPURSUITNEURALUCB,5195.14,94.1,T,S2,3-run 
1,CPURSUITNEURALUCB,2554.54,92.7,T,S2,3-run 
2,CPURSUITNEURALUCB,3846.58,93.0,T,S2,3-run 
3,CPURSUITNEURALUCB,5121.59,92.9,T,S2,3-run 
1,CPURSUITNEURALUCB,2569.57,93.1,T,S2,3-run 
2,CPURSUITNEURALUCB,3839.41,92.8,T,S2,3-run 
3,CPURSUITNEURALUCB,5148.31,93.3,T,S2,3-run 
1,CPURSUITNEURALUCB,2714.89,97.7,T,S2,3-run 
2,CPURSUITNEURALUCB,3406.36,81.5,T,S2,3-run 
3,CPURSUITNEURALUCB,5233.4,94.4,T,S2,3-run 
1,CPURSUITNEURALUCB,2782.99,99.9,T,S2,3-run 
2,CPURSUITNEURALUCB,4172.82,99.8,T,S2,3-run 
3,CPURSUITNEURALUCB,5571.93,100.0,T,S2,3-run 
1,CPURSUITNEURALUCB,2530.84,91.6,T,S1.5,3-run 
2,CPURSUITNEURALUCB,3838.96,92.6,T,S1.5,3-run 
3,CPURSUITNEURALUCB,5132.6,93.0,T,S1.5,3-run 
1,CPURSUITNEURALUCB,2527.55,91.7,T,S1.5,3-run 
2,CPURSUITNEURALUCB,3824.45,92.5,T,S1.5,3-run 
3,CPURSUITNEURALUCB,5137.07,93.1,T,S1.5,3-run 
1,CPURSUITNEURALUCB,2593.68,93.9,T,S1.5,3-run 
2,CPURSUITNEURALUCB,3885.46,93.8,T,S1.5,3-run 
3,CPURSUITNEURALUCB,4570.94,82.8,T,S1.5,3-run 
1,CPURSUITNEURALUCB,2454.77,89.5,T,S1.5,3-run 
2,CPURSUITNEURALUCB,3825.35,92.5,T,S1.5,3-run 
3,CPURSUITNEURALUCB,5274.09,95.3,T,S1.5,3-run 
1,CPURSUITNEURALUCB,2785.12,99.9,T,S1.5,3-run 
2,CPURSUITNEURALUCB,4173.02,99.8,T,S1.5,3-run 
3,CPURSUITNEURALUCB,4820.13,86.5,T,S1.5,3-run 
1,CPURSUITNEURALUCB,2499.72,90.5,Tb,S1,3-run 
2,CPURSUITNEURALUCB,3845.48,92.8,Tb,S1,3-run 
3,CPURSUITNEURALUCB,4276.77,77.5,Tb,S1,3-run 
1,CPURSUITNEURALUCB,2528.58,91.8,Tb,S1,3-run 
2,CPURSUITNEURALUCB,3653.46,88.3,Tb,S1,3-run 
3,CPURSUITNEURALUCB,4484.12,81.4,Tb,S1,3-run 
1,CPURSUITNEURALUCB,2284.56,82.6,Tb,S1,3-run 
2,CPURSUITNEURALUCB,3734.47,90.3,Tb,S1,3-run 
3,CPURSUITNEURALUCB,4424.26,80.2,Tb,S1,3-run 
1,CPURSUITNEURALUCB,2719.59,97.9,Tb,S1,3-run 
2,CPURSUITNEURALUCB,3779.28,91.3,Tb,S1,3-run 
3,CPURSUITNEURALUCB,4292.64,77.7,Tb,S1,3-run 
1,CPURSUITNEURALUCB,2781.95,99.8,Tb,S1,3-run 
2,CPURSUITNEURALUCB,4041.3,96.7,Tb,S1,3-run 
3,CPURSUITNEURALUCB,4656.48,83.5,Tb,S1,3-run 
1,CPURSUITNEURALUCB,2499.72,90.5,Tb,S1,5-run 
2,CPURSUITNEURALUCB,3845.48,92.8,Tb,S1,5-run 
3,CPURSUITNEURALUCB,4276.77,77.5,Tb,S1,5-run 
4,CPURSUITNEURALUCB,6404.04,92.8,Tb,S1,5-run 
5,CPURSUITNEURALUCB,7693.28,92.8,Tb,S1,5-run 
1,CPURSUITNEURALUCB,2528.58,91.8,Tb,S1,5-run 
2,CPURSUITNEURALUCB,3653.46,88.3,Tb,S1,5-run 
3,CPURSUITNEURALUCB,4484.12,81.4,Tb,S1,5-run 
4,CPURSUITNEURALUCB,6307.92,91.5,Tb,S1,5-run 
5,CPURSUITNEURALUCB,7548.56,91.2,Tb,S1,5-run 
1,CPURSUITNEURALUCB,2284.56,82.6,Tb,S1,5-run 
2,CPURSUITNEURALUCB,3734.47,90.3,Tb,S1,5-run 
3,CPURSUITNEURALUCB,4424.26,80.2,Tb,S1,5-run 
4,CPURSUITNEURALUCB,6336.82,91.8,Tb,S1,5-run 
5,CPURSUITNEURALUCB,7752.29,93.5,Tb,S1,5-run 
1,CPURSUITNEURALUCB,2719.59,97.9,Tb,S1,5-run 
2,CPURSUITNEURALUCB,3779.28,91.3,Tb,S1,5-run 
3,CPURSUITNEURALUCB,4292.64,77.7,Tb,S1,5-run 
4,CPURSUITNEURALUCB,6784.38,97.5,Tb,S1,5-run 
5,CPURSUITNEURALUCB,7099.81,87.2,Tb,S1,5-run 
1,CPURSUITNEURALUCB,2781.95,99.8,Tb,S1,5-run 
2,CPURSUITNEURALUCB,4041.3,96.7,Tb,S1,5-run 
3,CPURSUITNEURALUCB,4656.48,83.5,Tb,S1,5-run 
4,CPURSUITNEURALUCB,6811.39,97.8,Tb,S1,5-run 
5,CPURSUITNEURALUCB,8222.28,98.3,Tb,S1,5-run 
1,CPURSUITNEURALUCB,2511.63,90.9,Tb,S1.5,3-run 
2,CPURSUITNEURALUCB,3809.81,91.9,Tb,S1.5,3-run 
3,CPURSUITNEURALUCB,5061.95,91.7,Tb,S1.5,3-run 
1,CPURSUITNEURALUCB,2527.55,91.7,Tb,S1.5,3-run 
2,CPURSUITNEURALUCB,3824.45,92.5,Tb,S1.5,3-run 
3,CPURSUITNEURALUCB,5137.07,93.1,Tb,S1.5,3-run 
1,CPURSUITNEURALUCB,2593.68,93.9,Tb,S1.5,3-run 
2,CPURSUITNEURALUCB,3885.46,93.8,Tb,S1.5,3-run 
3,CPURSUITNEURALUCB,4570.94,82.8,Tb,S1.5,3-run 
1,CPURSUITNEURALUCB,2454.77,89.5,Tb,S1.5,3-run 
2,CPURSUITNEURALUCB,3825.35,92.5,Tb,S1.5,3-run 
3,CPURSUITNEURALUCB,5274.09,95.3,Tb,S1.5,3-run 
1,CPURSUITNEURALUCB,2785.12,99.9,Tb,S1.5,3-run 
2,CPURSUITNEURALUCB,4173.02,99.8,Tb,S1.5,3-run 
3,CPURSUITNEURALUCB,4820.13,86.5,Tb,S1.5,3-run 
1,CPURSUITNEURALUCB,2494.72,90.3,Tb,S1.5,5-run 
2,CPURSUITNEURALUCB,3849.1,92.9,Tb,S1.5,5-run 
3,CPURSUITNEURALUCB,4430.07,80.2,Tb,S1.5,5-run 
4,CPURSUITNEURALUCB,6361.99,92.2,Tb,S1.5,5-run 
5,CPURSUITNEURALUCB,7668.23,92.5,Tb,S1.5,5-run 
1,CPURSUITNEURALUCB,2469.69,89.6,Tb,S1.5,5-run 
2,CPURSUITNEURALUCB,3684.85,89.1,Tb,S1.5,5-run 
3,CPURSUITNEURALUCB,4942.1,89.7,Tb,S1.5,5-run 
4,CPURSUITNEURALUCB,6212.87,90.2,Tb,S1.5,5-run 
5,CPURSUITNEURALUCB,7498.24,90.7,Tb,S1.5,5-run 
1,CPURSUITNEURALUCB,2511.05,91.0,Tb,S1.5,5-run 
2,CPURSUITNEURALUCB,3858.2,92.9,Tb,S1.5,5-run 
3,CPURSUITNEURALUCB,4427.89,80.1,Tb,S1.5,5-run 
4,CPURSUITNEURALUCB,6400.14,92.7,Tb,S1.5,5-run 
5,CPURSUITNEURALUCB,7710.2,93.0,Tb,S1.5,5-run 
1,CPURSUITNEURALUCB,2663.87,95.9,Tb,S1.5,5-run 
2,CPURSUITNEURALUCB,3628.06,88.4,Tb,S1.5,5-run 
3,CPURSUITNEURALUCB,5408.33,97.0,Tb,S1.5,5-run 
4,CPURSUITNEURALUCB,6216.48,90.7,Tb,S1.5,5-run 
5,CPURSUITNEURALUCB,8094.58,97.1,Tb,S1.5,5-run 
1,CPURSUITNEURALUCB,2682.59,96.3,Tb,S1.5,5-run 
2,CPURSUITNEURALUCB,4077.45,97.5,Tb,S1.5,5-run 
3,CPURSUITNEURALUCB,5433.31,97.5,Tb,S1.5,5-run 
4,CPURSUITNEURALUCB,6845.69,98.2,Tb,S1.5,5-run 
5,CPURSUITNEURALUCB,8193.91,98.0,Tb,S1.5,5-run 
1,CPURSUITNEURALUCB,2428.26,87.9,Tb,S2,3-run 
2,CPURSUITNEURALUCB,3690.03,89.1,Tb,S2,3-run 
3,CPURSUITNEURALUCB,5082.71,92.0,Tb,S2,3-run 
1,CPURSUITNEURALUCB,2439.38,88.5,Tb,S2,3-run 
2,CPURSUITNEURALUCB,3846.58,93.0,Tb,S2,3-run 
3,CPURSUITNEURALUCB,5121.59,92.9,Tb,S2,3-run 
1,CPURSUITNEURALUCB,2501.05,90.6,Tb,S2,3-run 
2,CPURSUITNEURALUCB,3903.83,94.0,Tb,S2,3-run 
3,CPURSUITNEURALUCB,5148.31,93.3,Tb,S2,3-run 
1,CPURSUITNEURALUCB,2279.51,84.5,Tb,S2,3-run 
2,CPURSUITNEURALUCB,3406.36,81.5,Tb,S2,3-run 
3,CPURSUITNEURALUCB,5233.4,94.4,Tb,S2,3-run 
1,CPURSUITNEURALUCB,2782.99,99.9,Tb,S2,3-run 
2,CPURSUITNEURALUCB,4172.82,99.8,Tb,S2,3-run 
3,CPURSUITNEURALUCB,5571.93,100.0,Tb,S2,3-run 
1,CPURSUITNEURALUCB,2514.98,91.0,Tb,S2,5-run 
2,CPURSUITNEURALUCB,3787.23,91.4,Tb,S2,5-run 
3,CPURSUITNEURALUCB,4804.04,87.0,Tb,S2,5-run 
4,CPURSUITNEURALUCB,6399.8,92.7,Tb,S2,5-run 
5,CPURSUITNEURALUCB,7666.92,92.6,Tb,S2,5-run 
1,CPURSUITNEURALUCB,2439.38,88.5,Tb,S2,5-run 
2,CPURSUITNEURALUCB,3846.58,93.0,Tb,S2,5-run 
3,CPURSUITNEURALUCB,5121.59,92.9,Tb,S2,5-run 
4,CPURSUITNEURALUCB,6293.34,91.3,Tb,S2,5-run 
5,CPURSUITNEURALUCB,7526.98,91.0,Tb,S2,5-run 
1,CPURSUITNEURALUCB,2501.05,90.6,Tb,S2,5-run 
2,CPURSUITNEURALUCB,3903.83,94.0,Tb,S2,5-run 
3,CPURSUITNEURALUCB,5148.31,93.3,Tb,S2,5-run 
4,CPURSUITNEURALUCB,6266.22,90.9,Tb,S2,5-run 
5,CPURSUITNEURALUCB,7636.93,92.2,Tb,S2,5-run 
1,CPURSUITNEURALUCB,2279.51,84.5,Tb,S2,5-run 
2,CPURSUITNEURALUCB,3406.36,81.5,Tb,S2,5-run 
3,CPURSUITNEURALUCB,5233.4,94.4,Tb,S2,5-run 
4,CPURSUITNEURALUCB,6869.81,98.6,Tb,S2,5-run 
5,CPURSUITNEURALUCB,8153.41,97.7,Tb,S2,5-run 
1,CPURSUITNEURALUCB,2782.99,99.9,Tb,S2,5-run 
2,CPURSUITNEURALUCB,4172.82,99.8,Tb,S2,5-run 
3,CPURSUITNEURALUCB,5571.93,100.0,Tb,S2,5-run 
4,CPURSUITNEURALUCB,6852.57,98.3,Tb,S2,5-run 
5,CPURSUITNEURALUCB,8201.48,98.1,Tb,S2,5-run 
1,ICPURSUITNEURALUCB,2229.43,80.8,T,S1,3-run 
2,ICPURSUITNEURALUCB,3387.79,81.7,T,S1,3-run 
3,ICPURSUITNEURALUCB,5210.47,94.3,T,S1,3-run 
1,ICPURSUITNEURALUCB,2552.01,92.6,T,S1,3-run 
2,ICPURSUITNEURALUCB,3453.0,83.5,T,S1,3-run 
3,ICPURSUITNEURALUCB,5119.37,92.8,T,S1,3-run 
1,ICPURSUITNEURALUCB,2585.31,93.7,T,S1,3-run 
2,ICPURSUITNEURALUCB,2728.33,65.8,T,S1,3-run 
3,ICPURSUITNEURALUCB,5064.2,91.8,T,S1,3-run 
1,ICPURSUITNEURALUCB,2402.92,86.8,T,S1,3-run 
2,ICPURSUITNEURALUCB,3497.87,84.6,T,S1,3-run 
3,ICPURSUITNEURALUCB,5343.27,96.4,T,S1,3-run 
1,ICPURSUITNEURALUCB,2784.86,99.9,T,S1,3-run 
2,ICPURSUITNEURALUCB,4171.85,99.8,T,S1,3-run 
3,ICPURSUITNEURALUCB,5572.95,100.0,T,S1,3-run 
1,ICPURSUITNEURALUCB,2504.11,90.7,T,S1,5-run 
2,ICPURSUITNEURALUCB,3306.18,79.8,T,S1,5-run 
3,ICPURSUITNEURALUCB,4445.19,80.5,T,S1,5-run 
4,ICPURSUITNEURALUCB,6364.33,92.2,T,S1,5-run 
5,ICPURSUITNEURALUCB,7664.1,92.5,T,S1,5-run 
1,ICPURSUITNEURALUCB,2443.62,88.7,T,S1,5-run 
2,ICPURSUITNEURALUCB,3450.44,83.5,T,S1,5-run 
3,ICPURSUITNEURALUCB,4519.64,82.0,T,S1,5-run 
4,ICPURSUITNEURALUCB,6191.79,89.9,T,S1,5-run 
5,ICPURSUITNEURALUCB,7446.39,90.1,T,S1,5-run 
1,ICPURSUITNEURALUCB,2543.95,92.1,T,S1,5-run 
2,ICPURSUITNEURALUCB,3900.48,93.9,T,S1,5-run 
3,ICPURSUITNEURALUCB,4408.17,79.8,T,S1,5-run 
4,ICPURSUITNEURALUCB,6472.79,93.7,T,S1,5-run 
5,ICPURSUITNEURALUCB,7740.17,93.4,T,S1,5-run 
1,ICPURSUITNEURALUCB,2464.57,89.8,T,S1,5-run 
2,ICPURSUITNEURALUCB,3541.47,86.8,T,S1,5-run 
3,ICPURSUITNEURALUCB,3856.54,69.2,T,S1,5-run 
4,ICPURSUITNEURALUCB,6534.48,94.7,T,S1,5-run 
5,ICPURSUITNEURALUCB,8131.55,97.3,T,S1,5-run 
1,ICPURSUITNEURALUCB,2643.53,94.9,T,S1,5-run 
2,ICPURSUITNEURALUCB,3517.83,84.1,T,S1,5-run 
3,ICPURSUITNEURALUCB,4697.94,84.3,T,S1,5-run 
4,ICPURSUITNEURALUCB,6775.58,97.2,T,S1,5-run 
5,ICPURSUITNEURALUCB,8097.27,96.8,T,S1,5-run 
1,ICPURSUITNEURALUCB,2520.93,91.2,T,S1.5,5-run 
2,ICPURSUITNEURALUCB,3804.49,91.8,T,S1.5,5-run 
3,ICPURSUITNEURALUCB,5087.85,92.1,T,S1.5,5-run 
4,ICPURSUITNEURALUCB,6406.11,92.8,T,S1.5,5-run 
5,ICPURSUITNEURALUCB,7714.0,93.0,T,S1.5,5-run 
1,ICPURSUITNEURALUCB,2541.99,92.2,T,S1.5,5-run 
2,ICPURSUITNEURALUCB,3827.68,92.6,T,S1.5,5-run 
3,ICPURSUITNEURALUCB,5125.64,92.9,T,S1.5,5-run 
4,ICPURSUITNEURALUCB,6224.36,90.3,T,S1.5,5-run 
5,ICPURSUITNEURALUCB,7432.07,89.9,T,S1.5,5-run 
1,ICPURSUITNEURALUCB,2594.57,93.9,T,S1.5,5-run 
2,ICPURSUITNEURALUCB,3885.4,93.8,T,S1.5,5-run 
3,ICPURSUITNEURALUCB,5172.26,93.7,T,S1.5,5-run 
4,ICPURSUITNEURALUCB,6536.39,94.5,T,S1.5,5-run 
5,ICPURSUITNEURALUCB,7812.26,94.2,T,S1.5,5-run 
1,ICPURSUITNEURALUCB,2315.33,84.4,T,S1.5,5-run 
2,ICPURSUITNEURALUCB,3827.43,92.6,T,S1.5,5-run 
3,ICPURSUITNEURALUCB,5276.06,95.3,T,S1.5,5-run 
4,ICPURSUITNEURALUCB,6146.53,89.7,T,S1.5,5-run 
5,ICPURSUITNEURALUCB,7175.91,87.9,T,S1.5,5-run 
1,ICPURSUITNEURALUCB,2780.1,99.8,T,S1.5,5-run 
2,ICPURSUITNEURALUCB,4173.86,99.8,T,S1.5,5-run 
3,ICPURSUITNEURALUCB,5570.46,99.9,T,S1.5,5-run 
4,ICPURSUITNEURALUCB,6806.81,97.7,T,S1.5,5-run 
5,ICPURSUITNEURALUCB,8164.74,97.7,T,S1.5,5-run 
1,ICPURSUITNEURALUCB,2538.56,91.9,T,S2,5-run 
2,ICPURSUITNEURALUCB,3784.16,91.3,T,S2,5-run 
3,ICPURSUITNEURALUCB,5061.2,91.7,T,S2,5-run 
4,ICPURSUITNEURALUCB,6353.71,92.0,T,S2,5-run 
5,ICPURSUITNEURALUCB,7611.87,91.9,T,S2,5-run 
1,ICPURSUITNEURALUCB,2444.9,88.7,T,S2,5-run 
2,ICPURSUITNEURALUCB,3721.03,90.0,T,S2,5-run 
3,ICPURSUITNEURALUCB,4976.81,90.3,T,S2,5-run 
4,ICPURSUITNEURALUCB,6172.5,89.6,T,S2,5-run 
5,ICPURSUITNEURALUCB,7465.72,90.3,T,S2,5-run 
1,ICPURSUITNEURALUCB,2532.68,91.8,T,S2,5-run 
2,ICPURSUITNEURALUCB,3842.16,92.7,T,S2,5-run 
3,ICPURSUITNEURALUCB,5209.6,94.3,T,S2,5-run 
4,ICPURSUITNEURALUCB,6422.42,93.1,T,S2,5-run 
5,ICPURSUITNEURALUCB,7770.46,93.7,T,S2,5-run 
1,ICPURSUITNEURALUCB,2285.72,84.7,T,S2,5-run 
2,ICPURSUITNEURALUCB,3460.52,82.8,T,S2,5-run 
3,ICPURSUITNEURALUCB,5396.48,97.0,T,S2,5-run 
4,ICPURSUITNEURALUCB,6787.41,97.4,T,S2,5-run 
5,ICPURSUITNEURALUCB,7694.69,92.9,T,S2,5-run 
1,ICPURSUITNEURALUCB,2675.7,96.0,T,S2,5-run 
2,ICPURSUITNEURALUCB,4038.53,96.6,T,S2,5-run 
3,ICPURSUITNEURALUCB,5427.8,97.4,T,S2,5-run 
4,ICPURSUITNEURALUCB,6782.04,97.3,T,S2,5-run 
5,ICPURSUITNEURALUCB,8158.28,97.6,T,S2,5-run 
1,ICPURSUITNEURALUCB,2610.34,94.5,T,S2,3-run 
2,ICPURSUITNEURALUCB,3929.27,94.8,T,S2,3-run 
3,ICPURSUITNEURALUCB,5210.47,94.3,T,S2,3-run 
1,ICPURSUITNEURALUCB,2553.69,92.6,T,S2,3-run 
2,ICPURSUITNEURALUCB,3845.13,93.0,T,S2,3-run 
3,ICPURSUITNEURALUCB,5119.37,92.8,T,S2,3-run 
1,ICPURSUITNEURALUCB,2570.58,93.2,T,S2,3-run 
2,ICPURSUITNEURALUCB,3837.19,92.8,T,S2,3-run 
3,ICPURSUITNEURALUCB,5064.2,91.8,T,S2,3-run 
1,ICPURSUITNEURALUCB,2672.94,96.2,T,S2,3-run 
2,ICPURSUITNEURALUCB,4171.8,99.8,T,S2,3-run 
3,ICPURSUITNEURALUCB,5343.27,96.4,T,S2,3-run 
1,ICPURSUITNEURALUCB,2399.49,86.1,T,S2,3-run 
2,ICPURSUITNEURALUCB,4175.77,99.9,T,S2,3-run 
3,ICPURSUITNEURALUCB,5572.95,100.0,T,S2,3-run 
1,ICPURSUITNEURALUCB,2520.93,91.2,T,S1.5,3-run 
2,ICPURSUITNEURALUCB,3804.49,91.8,T,S1.5,3-run 
3,ICPURSUITNEURALUCB,5087.85,92.1,T,S1.5,3-run 
1,ICPURSUITNEURALUCB,2541.99,92.2,T,S1.5,3-run 
2,ICPURSUITNEURALUCB,3827.68,92.6,T,S1.5,3-run 
3,ICPURSUITNEURALUCB,5125.64,92.9,T,S1.5,3-run 
1,ICPURSUITNEURALUCB,2594.57,93.9,T,S1.5,3-run 
2,ICPURSUITNEURALUCB,3885.4,93.8,T,S1.5,3-run 
3,ICPURSUITNEURALUCB,5172.26,93.7,T,S1.5,3-run 
1,ICPURSUITNEURALUCB,2315.33,84.4,T,S1.5,3-run 
2,ICPURSUITNEURALUCB,3827.43,92.6,T,S1.5,3-run 
3,ICPURSUITNEURALUCB,5276.06,95.3,T,S1.5,3-run 
1,ICPURSUITNEURALUCB,2780.1,99.8,T,S1.5,3-run 
2,ICPURSUITNEURALUCB,4173.86,99.8,T,S1.5,3-run 
3,ICPURSUITNEURALUCB,5570.46,99.9,T,S1.5,3-run 
1,ICPURSUITNEURALUCB,2482.24,89.9,Tb,S1,3-run 
2,ICPURSUITNEURALUCB,3787.58,91.4,Tb,S1,3-run 
3,ICPURSUITNEURALUCB,4348.25,78.8,Tb,S1,3-run 
1,ICPURSUITNEURALUCB,2528.84,91.9,Tb,S1,3-run 
2,ICPURSUITNEURALUCB,3687.92,89.1,Tb,S1,3-run 
3,ICPURSUITNEURALUCB,4472.9,81.2,Tb,S1,3-run 
1,ICPURSUITNEURALUCB,2627.63,95.0,Tb,S1,3-run 
2,ICPURSUITNEURALUCB,3785.78,91.5,Tb,S1,3-run 
3,ICPURSUITNEURALUCB,4450.59,80.7,Tb,S1,3-run 
1,ICPURSUITNEURALUCB,2721.54,97.9,Tb,S1,3-run 
2,ICPURSUITNEURALUCB,3786.57,91.5,Tb,S1,3-run 
3,ICPURSUITNEURALUCB,4306.16,78.0,Tb,S1,3-run 
1,ICPURSUITNEURALUCB,2784.15,99.9,Tb,S1,3-run 
2,ICPURSUITNEURALUCB,4021.5,96.2,Tb,S1,3-run 
3,ICPURSUITNEURALUCB,4662.28,83.6,Tb,S1,3-run 
1,ICPURSUITNEURALUCB,2482.24,89.9,Tb,S1,5-run 
2,ICPURSUITNEURALUCB,3787.58,91.4,Tb,S1,5-run 
3,ICPURSUITNEURALUCB,4348.25,78.8,Tb,S1,5-run 
4,ICPURSUITNEURALUCB,6408.69,92.9,Tb,S1,5-run 
5,ICPURSUITNEURALUCB,7658.55,92.4,Tb,S1,5-run 
1,ICPURSUITNEURALUCB,2528.84,91.9,Tb,S1,5-run 
2,ICPURSUITNEURALUCB,3687.92,89.1,Tb,S1,5-run 
3,ICPURSUITNEURALUCB,4472.9,81.2,Tb,S1,5-run 
4,ICPURSUITNEURALUCB,6305.61,91.5,Tb,S1,5-run 
5,ICPURSUITNEURALUCB,7518.76,90.9,Tb,S1,5-run 
1,ICPURSUITNEURALUCB,2627.63,95.0,Tb,S1,5-run 
2,ICPURSUITNEURALUCB,3785.78,91.5,Tb,S1,5-run 
3,ICPURSUITNEURALUCB,4450.59,80.7,Tb,S1,5-run 
4,ICPURSUITNEURALUCB,6462.85,93.7,Tb,S1,5-run 
5,ICPURSUITNEURALUCB,7819.72,94.3,Tb,S1,5-run 
1,ICPURSUITNEURALUCB,2721.54,97.9,Tb,S1,5-run 
2,ICPURSUITNEURALUCB,3786.57,91.5,Tb,S1,5-run 
3,ICPURSUITNEURALUCB,4306.16,78.0,Tb,S1,5-run 
4,ICPURSUITNEURALUCB,6794.71,97.7,Tb,S1,5-run 
5,ICPURSUITNEURALUCB,7107.03,87.3,Tb,S1,5-run 
1,ICPURSUITNEURALUCB,2784.15,99.9,Tb,S1,5-run 
2,ICPURSUITNEURALUCB,4021.5,96.2,Tb,S1,5-run 
3,ICPURSUITNEURALUCB,4662.28,83.6,Tb,S1,5-run 
4,ICPURSUITNEURALUCB,6830.55,98.0,Tb,S1,5-run 
5,ICPURSUITNEURALUCB,8190.15,98.0,Tb,S1,5-run 
1,ICPURSUITNEURALUCB,2490.39,90.2,Tb,S1.5,3-run 
2,ICPURSUITNEURALUCB,3783.72,91.3,Tb,S1.5,3-run 
3,ICPURSUITNEURALUCB,5082.13,92.0,Tb,S1.5,3-run 
1,ICPURSUITNEURALUCB,2541.99,92.2,Tb,S1.5,3-run 
2,ICPURSUITNEURALUCB,3827.68,92.6,Tb,S1.5,3-run 
3,ICPURSUITNEURALUCB,5125.64,92.9,Tb,S1.5,3-run 
1,ICPURSUITNEURALUCB,2594.57,93.9,Tb,S1.5,3-run 
2,ICPURSUITNEURALUCB,3885.4,93.8,Tb,S1.5,3-run 
3,ICPURSUITNEURALUCB,5172.26,93.7,Tb,S1.5,3-run 
1,ICPURSUITNEURALUCB,2315.33,84.4,Tb,S1.5,3-run 
2,ICPURSUITNEURALUCB,3827.43,92.6,Tb,S1.5,3-run 
3,ICPURSUITNEURALUCB,5276.06,95.3,Tb,S1.5,3-run 
1,ICPURSUITNEURALUCB,2780.1,99.8,Tb,S1.5,3-run 
2,ICPURSUITNEURALUCB,4173.86,99.8,Tb,S1.5,3-run 
3,ICPURSUITNEURALUCB,5570.46,99.9,Tb,S1.5,3-run 
1,ICPURSUITNEURALUCB,2516.04,91.1,Tb,S1.5,5-run 
2,ICPURSUITNEURALUCB,3848.89,92.9,Tb,S1.5,5-run 
3,ICPURSUITNEURALUCB,4435.48,80.3,Tb,S1.5,5-run 
4,ICPURSUITNEURALUCB,6377.32,92.4,Tb,S1.5,5-run 
5,ICPURSUITNEURALUCB,7679.29,92.7,Tb,S1.5,5-run 
1,ICPURSUITNEURALUCB,2462.53,89.3,Tb,S1.5,5-run 
2,ICPURSUITNEURALUCB,3693.92,89.3,Tb,S1.5,5-run 
3,ICPURSUITNEURALUCB,4932.07,89.5,Tb,S1.5,5-run 
4,ICPURSUITNEURALUCB,6221.26,90.3,Tb,S1.5,5-run 
5,ICPURSUITNEURALUCB,7475.54,90.4,Tb,S1.5,5-run 
1,ICPURSUITNEURALUCB,2536.53,91.9,Tb,S1.5,5-run 
2,ICPURSUITNEURALUCB,3884.05,93.5,Tb,S1.5,5-run 
3,ICPURSUITNEURALUCB,4550.36,82.3,Tb,S1.5,5-run 
4,ICPURSUITNEURALUCB,6483.1,93.9,Tb,S1.5,5-run 
5,ICPURSUITNEURALUCB,7810.17,94.2,Tb,S1.5,5-run 
1,ICPURSUITNEURALUCB,2631.87,94.7,Tb,S1.5,5-run 
2,ICPURSUITNEURALUCB,3645.42,88.9,Tb,S1.5,5-run 
3,ICPURSUITNEURALUCB,5433.89,97.5,Tb,S1.5,5-run 
4,ICPURSUITNEURALUCB,6264.99,91.5,Tb,S1.5,5-run 
5,ICPURSUITNEURALUCB,8133.33,97.5,Tb,S1.5,5-run 
1,ICPURSUITNEURALUCB,2672.31,95.9,Tb,S1.5,5-run 
2,ICPURSUITNEURALUCB,4023.24,96.2,Tb,S1.5,5-run 
3,ICPURSUITNEURALUCB,5410.37,97.1,Tb,S1.5,5-run 
4,ICPURSUITNEURALUCB,6822.28,97.9,Tb,S1.5,5-run 
5,ICPURSUITNEURALUCB,8189.8,98.0,Tb,S1.5,5-run 
1,ICPURSUITNEURALUCB,2474.04,89.6,Tb,S2,3-run 
2,ICPURSUITNEURALUCB,3759.8,90.8,Tb,S2,3-run 
3,ICPURSUITNEURALUCB,5039.51,91.2,Tb,S2,3-run 
1,ICPURSUITNEURALUCB,2444.9,88.7,Tb,S2,3-run 
2,ICPURSUITNEURALUCB,3845.13,93.0,Tb,S2,3-run 
3,ICPURSUITNEURALUCB,5119.37,92.8,Tb,S2,3-run 
1,ICPURSUITNEURALUCB,2532.68,91.8,Tb,S2,3-run 
2,ICPURSUITNEURALUCB,3914.13,94.2,Tb,S2,3-run 
3,ICPURSUITNEURALUCB,5064.2,91.8,Tb,S2,3-run 
1,ICPURSUITNEURALUCB,2285.72,84.7,Tb,S2,3-run 
2,ICPURSUITNEURALUCB,4171.8,99.8,Tb,S2,3-run 
3,ICPURSUITNEURALUCB,5343.27,96.4,Tb,S2,3-run 
1,ICPURSUITNEURALUCB,2399.49,86.1,Tb,S2,3-run 
2,ICPURSUITNEURALUCB,4175.77,99.9,Tb,S2,3-run 
3,ICPURSUITNEURALUCB,5572.95,100.0,Tb,S2,3-run 
1,ICPURSUITNEURALUCB,2484.48,89.9,Tb,S2,5-run 
2,ICPURSUITNEURALUCB,3779.83,91.2,Tb,S2,5-run 
3,ICPURSUITNEURALUCB,5055.75,91.5,Tb,S2,5-run 
4,ICPURSUITNEURALUCB,6426.94,93.1,Tb,S2,5-run 
5,ICPURSUITNEURALUCB,7661.83,92.5,Tb,S2,5-run 
1,ICPURSUITNEURALUCB,2444.9,88.7,Tb,S2,5-run 
2,ICPURSUITNEURALUCB,3845.13,93.0,Tb,S2,5-run 
3,ICPURSUITNEURALUCB,5119.37,92.8,Tb,S2,5-run 
4,ICPURSUITNEURALUCB,6298.93,91.4,Tb,S2,5-run 
5,ICPURSUITNEURALUCB,7533.76,91.1,Tb,S2,5-run 
1,ICPURSUITNEURALUCB,2532.68,91.8,Tb,S2,5-run 
2,ICPURSUITNEURALUCB,3914.13,94.2,Tb,S2,5-run 
3,ICPURSUITNEURALUCB,5064.2,91.8,Tb,S2,5-run 
4,ICPURSUITNEURALUCB,6304.77,91.5,Tb,S2,5-run 
5,ICPURSUITNEURALUCB,7736.15,93.4,Tb,S2,5-run 
1,ICPURSUITNEURALUCB,2285.72,84.7,Tb,S2,5-run 
2,ICPURSUITNEURALUCB,4171.8,99.8,Tb,S2,5-run 
3,ICPURSUITNEURALUCB,5343.27,96.4,Tb,S2,5-run 
4,ICPURSUITNEURALUCB,6840.01,98.2,Tb,S2,5-run 
5,ICPURSUITNEURALUCB,8129.04,97.4,Tb,S2,5-run 
1,ICPURSUITNEURALUCB,2399.49,86.1,Tb,S2,5-run 
2,ICPURSUITNEURALUCB,4175.77,99.9,Tb,S2,5-run 
3,ICPURSUITNEURALUCB,5572.95,100.0,Tb,S2,5-run 
4,ICPURSUITNEURALUCB,6855.87,98.4,Tb,S2,5-run 
5,ICPURSUITNEURALUCB,8192.08,98.0,Tb,S2,5-run 
